title,body,neighborhood,category,time,datetime,likeCount,commentCount,image,url
"원룸에 아들짐 라면 박스로 한10개","원룸 이사에서 아파트로 이사하는데 엘베비용15만원을 내라는데 무슨 가정집 이사짐도 아니고 가전은 전자레인지 하나밖에 없고 라면 박스 로 한10개 나와 용달차도 안부르고 아들차로 옮기는데 엘베 비용 넘 과한거 아닌가요? 다른곳도 이런가요?","장기본동","이사/시공","10분 전","2026-05-26T03:39:17.764+00:00","0","0","","https://www.daangn.com/kr/community/%EC%9B%90%EB%A3%B8%EC%97%90-%EC%95%84%EB%93%A4%EC%A7%90-%EB%9D%BC%EB%A9%B4-%EB%B0%95%EC%8A%A4%EB%A1%9C-%ED%95%9C10%EA%B0%9C-dcw9yawneezz/"
"혹시 검단에 mdf 합판 제작해주는 곳 있을까요???","가구용은 아니고.... 셀프인테리어 하기 전에 필름 연습용으로 해볼거라~~~^^;; 크기는 작아요... 한 요정도 만들어줄 곳 있을 까요???","마전동","생활/편의","16분 전","2026-05-26T03:33:54.228+00:00","0","2","https://community-api-cdn.kr.karrotmarket.com/v1/resource/images/load?id=kr-community%232059115738955341824","https://www.daangn.com/kr/community/%ED%98%B9%EC%8B%9C-%EA%B2%80%EB%8B%A8%EC%97%90-mdf-%ED%95%A9%ED%8C%90-%EC%A0%9C%EC%9E%91%ED%95%B4%EC%A3%BC%EB%8A%94-%EA%B3%B3-%EC%9E%88%EC%9D%84%EA%B9%8C%EC%9A%94-6iemev38m72e/"
"A형 고양이 수혈가능한 고양이 키우시는분 찾습니다..","저희 고양이가 복막염에 걸려서 혈액 수치가 너무 낮아져서 2차례 수혈을 했는데도 수치가 계속 떨어지고 지금은 고양이 피가 귀해서 구할 수가없다네요 ㅠㅠ… 염치없지만 글 올려봅니다 읽어주셔서 감사합니다","오류왕길동","반려동물","18분 전","2026-05-26T03:31:56.883+00:00","0","0","","https://www.daangn.com/kr/community/a%ED%98%95-%EA%B3%A0%EC%96%91%EC%9D%B4-%EC%88%98%ED%98%88%EA%B0%80%EB%8A%A5%ED%95%9C-%EA%B3%A0%EC%96%91%EC%9D%B4-%ED%82%A4%EC%9A%B0%EC%8B%9C%EB%8A%94%EB%B6%84-%EC%B0%BE%EC%8A%B5%EB%8B%88%EB%8B%A4-p9smod5u28cp/"
"같이 친하게지내고 같이 마시고 노실분 구해여!","친하게 지내구 마시구 놀구 그러실분 구해요~ 저희방은 다 사이좋고 착하고 그러니 언제든 오셔서 친하게 지내시면 됩니다! 제가 방장이라 모르시는건 저한테 문의 주시면 되고! 누구든 환영합니다! 07~85년생 까지 입니다! 잘부탁드려요! 대화주시면 따로 링크 드릴게요! 오픈채팅입니다! 여기에 올리면 지워지더라구요…","통진읍","일반","18분 전","2026-05-26T03:31:25.360+00:00","0","0","","https://www.daangn.com/kr/community/%EA%B0%99%EC%9D%B4-%EC%B9%9C%ED%95%98%EA%B2%8C%EC%A7%80%EB%82%B4%EA%B3%A0-%EA%B0%99%EC%9D%B4-%EB%A7%88%EC%8B%9C%EA%B3%A0-%EB%85%B8%EC%8B%A4%EB%B6%84-%EA%B5%AC%ED%95%B4%EC%97%AC-qkf6z2vxkp68/"
"검단 물리치료 잘하는 곳","이 게시글은 '더블체크'님의 질문을 바탕으로 동네생활 봇이 정리한 내용이에요 🤖 비슷한 경험이나 의견이 있다면 댓글을 통해 답변을 남겨주세요.","감정동","병원/약국","20분 전","2026-05-26T03:29:45.817+00:00","0","0","","https://www.daangn.com/kr/community/%EA%B2%80%EB%8B%A8-%EB%AC%BC%EB%A6%AC%EC%B9%98%EB%A3%8C-%EC%9E%98%ED%95%98%EB%8A%94-%EA%B3%B3-5efa6ede47z8/"
"검단사거리 도수치료 잘하는 곳 어디인가요?","이 게시글은 '더블체크'님의 질문을 바탕으로 동네생활 봇이 정리한 내용이에요 🤖 비슷한 경험이나 의견이 있다면 댓글을 통해 답변을 남겨주세요.","감정동","병원/약국","20분 전","2026-05-26T03:29:02.587+00:00","0","0","","https://www.daangn.com/kr/community/%EA%B2%80%EB%8B%A8%EC%82%AC%EA%B1%B0%EB%A6%AC-%EB%8F%84%EC%88%98%EC%B9%98%EB%A3%8C-%EC%9E%98%ED%95%98%EB%8A%94-%EA%B3%B3-%EC%96%B4%EB%94%94%EC%9D%B8%EA%B0%80%EC%9A%94-ejzo33h7ihmj/"
"검단 도수치료 비용은 보통 얼마인가요?","이 게시글은 '더블체크'님의 질문을 바탕으로 동네생활 봇이 정리한 내용이에요 🤖 비슷한 경험이나 의견이 있다면 댓글을 통해 답변을 남겨주세요.","감정동","병원/약국","21분 전","2026-05-26T03:28:44.534+00:00","0","0","","https://www.daangn.com/kr/community/%EA%B2%80%EB%8B%A8-%EB%8F%84%EC%88%98%EC%B9%98%EB%A3%8C-%EB%B9%84%EC%9A%A9%EC%9D%80-%EB%B3%B4%ED%86%B5-%EC%96%BC%EB%A7%88%EC%9D%B8%EA%B0%80%EC%9A%94-sa6erwb729o4/"
"말티즈 눈물자국 효과좋은제품추천좀..","말티즈6개월아이 인데 데려올때부터 눈물자국이 심한데요 매일 눈소독티슈로 닦아주는데 안없어져요ㅠㅠ 눈가털부분도 잘라주고잇는데 눈물자국 잘 없어지는 그런제품추천해주실분 간식도 안주는편이고 사료,피부영양제 섞여서 주는데 눈물이 잘나네요","당하동","일반","40분 전","2026-05-26T03:09:57.639+00:00","0","0","","https://www.daangn.com/kr/community/%EB%A7%90%ED%8B%B0%EC%A6%88-%EB%88%88%EB%AC%BC%EC%9E%90%EA%B5%AD-%ED%9A%A8%EA%B3%BC%EC%A2%8B%EC%9D%80%EC%A0%9C%ED%92%88%EC%B6%94%EC%B2%9C%EC%A2%80-k635ktjztcx3/"
"인도어 골프연습장 오픈","남쪽에 동부 센트레빌 공사하는 쪽에 인도어 연습장이 크게 공사중이던데 혹시 언제쯤 오픈하는지 이름이 뭔지 아시는 분 계실까요? 아파트 커뮤니티는 기계 고장도 많고 공 날라가는거 보면서 연습하고 싶네요.","아라동","일반","약 1시간 전","2026-05-26T03:00:46.612+00:00","0","0","","https://www.daangn.com/kr/community/%EC%9D%B8%EB%8F%84%EC%96%B4-%EA%B3%A8%ED%94%84%EC%97%B0%EC%8A%B5%EC%9E%A5-%EC%98%A4%ED%94%88-own1usmuh67z/"
"기혼 여성 친구","서울에서 살다가 결혼 후 이사 왔어요~ 29살 여자예요! 주변에 아는 사람이 많지 않아서 편하게 수다 떨고 카페도 가고, 소소한 일상 공유할 수 있는 또래 기혼 친구를 찾고 있어요 😊 부담 없이 편하게 연락 주세요!","원당동","동네친구","약 1시간 전","2026-05-26T02:51:25.827+00:00","0","0","","https://www.daangn.com/kr/community/%EA%B8%B0%ED%98%BC-%EC%97%AC%EC%84%B1-%EC%B9%9C%EA%B5%AC-f9dhg53v5xtm/"
"갈비탕 맛집 추천해주세요","아라동에 살아요! 꼭 아라동 아니어도 괜찮아요! 너무너무 먹고싶어요♡.♡","아라동","일반","약 1시간 전","2026-05-26T02:50:10.705+00:00","0","3","","https://www.daangn.com/kr/community/%EA%B0%88%EB%B9%84%ED%83%95-%EB%A7%9B%EC%A7%91-%EC%B6%94%EC%B2%9C%ED%95%B4%EC%A3%BC%EC%84%B8%EC%9A%94-9vyt2uma8mm9/"
"운양역 근처 기계로 라인 잡아주는 바디관리샵 있을까요?","운양역 근처에 기계로 라인 잡아주는 바디 관리 샵 괜찮은곳 아시는분 계실까요?? 다이어트를 해도 다른 데는 빠지는거 같은데 이놈의 옆구리살이랑 러브핸들은 절대 안 빠지는거 같아요.. 나이 드니까 군살만 붙는 것 같고 바지 위로 툭 튀어나오는 게 스트레스라.. 기기관리 아시는 분 있으면 추천 해주세요 일단 운양역 근처 윤슬아 토탈뷰티 라고 새로 오픈 했던데 원장님이 경력이 15년정도?.. 오래 됐다고 하네요 기계 관리 엄청 꼼꼼하게 잘 만져주신다고 들었는데 한번 가보려고요 ㅜㅜ 손마사지는 별로 안좋아해서.. 여기가 보신 분 계시면 옆구리 군살 정리나 라인 잡는 데 효과 좀 보셨는지도 글 부탁드려요. 가격도 좀 너무 크면 부담이긴 한데 첫방문 할인 한다고 해서 일단 상담 부터 가보려고요!","운양동","미용","약 1시간 전","2026-05-26T02:48:01.963+00:00","0","1","","https://www.daangn.com/kr/community/%EC%9A%B4%EC%96%91%EC%97%AD-%EA%B7%BC%EC%B2%98-%EA%B8%B0%EA%B3%84%EB%A1%9C-%EB%9D%BC%EC%9D%B8-%EC%9E%A1%EC%95%84%EC%A3%BC%EB%8A%94-%EB%B0%94%EB%94%94%EA%B4%80%EB%A6%AC%EC%83%B5-%EC%9E%88%EC%9D%84%EA%B9%8C%EC%9A%94-ya3n5tj39odr/"
"김포 서울쪽 열심히 일할 자신 있습니다","행정사무나 사무보조 비서쪽으로 일하고싶은데, 연봉은 크게 바라지 않습니다. 혹시 구인중이신분 계시면 연락 부탁드립니다!!","구래동","고민/사연","약 1시간 전","2026-05-26T02:45:36.390+00:00","0","0","","https://www.daangn.com/kr/community/%EA%B9%80%ED%8F%AC-%EC%84%9C%EC%9A%B8%EC%AA%BD-%EC%97%B4%EC%8B%AC%ED%9E%88-%EC%9D%BC%ED%95%A0-%EC%9E%90%EC%8B%A0-%EC%9E%88%EC%8A%B5%EB%8B%88%EB%8B%A4-n6pauxod8mhr/"
"소금빵푸드트럭","KCC2차 스위첸에 소금빵푸드트럭이 왔어요.비가와도 영업해요.","운양동","맛집","약 1시간 전","2026-05-26T02:30:03.680+00:00","0","0","","https://www.daangn.com/kr/community/%EC%86%8C%EA%B8%88%EB%B9%B5%ED%91%B8%EB%93%9C%ED%8A%B8%EB%9F%AD-75ffnmb6hxko/"
"운양동 아기 미용실 어디 가시나요~?","추천해주실만한 미용실 있으신가요?!","운양동","미용","약 2시간 전","2026-05-26T02:09:17.806+00:00","0","0","","https://www.daangn.com/kr/community/%EC%9A%B4%EC%96%91%EB%8F%99-%EC%95%84%EA%B8%B0-%EB%AF%B8%EC%9A%A9%EC%8B%A4-%EC%96%B4%EB%94%94-%EA%B0%80%EC%8B%9C%EB%82%98%EC%9A%94-1ctv3173a413/"
"나무박스무료로 가져가세요~","와인박스인데 필요하신분 가져가세요^^","고촌읍","일반","약 2시간 전","2026-05-26T02:01:50.349+00:00","0","1","https://community-api-cdn.kr.karrotmarket.com/v1/resource/images/load?id=kr-community%232059092573488410624","https://www.daangn.com/kr/community/%EB%82%98%EB%AC%B4%EB%B0%95%EC%8A%A4%EB%AC%B4%EB%A3%8C%EB%A1%9C-%EA%B0%80%EC%A0%B8%EA%B0%80%EC%84%B8%EC%9A%94-qqrs5dbo79sh/"
"강아지 잃어버리신분 갈색포메입니다 당근 글보니까 불로초에서 목격되고 지금은 다이소에서 목격됬어요","강아지 잃어 버리신분","당하동","반려동물","약 2시간 전","2026-05-26T01:50:07.321+00:00","1","0","https://community-api-cdn.kr.karrotmarket.com/v1/resource/images/load?id=kr-community%232059089569137283072","https://www.daangn.com/kr/community/%EA%B0%95%EC%95%84%EC%A7%80-%EC%9E%83%EC%96%B4%EB%B2%84%EB%A6%AC%EC%8B%A0%EB%B6%84-%EA%B0%88%EC%83%89%ED%8F%AC%EB%A9%94%EC%9E%85%EB%8B%88%EB%8B%A4-%EB%8B%B9%EA%B7%BC-%EA%B8%80%EB%B3%B4%EB%8B%88%EA%B9%8C-%EB%B6%88%EB%A1%9C%EC%B4%88%EC%97%90%EC%84%9C-%EB%AA%A9%EA%B2%A9%EB%90%98%EA%B3%A0-%EC%A7%80%EA%B8%88%EC%9D%80-%EB%8B%A4%EC%9D%B4%EC%86%8C%EC%97%90%EC%84%9C-%EB%AA%A9%EA%B2%A9%EB%90%AC%EC%96%B4%EC%9A%94-6i1fhr3veh28/"
"전기 증설이랑 계량기 분리 작업 비용 궁금해요","상가 한 칸을 나누면서 계량기를 따로 달아야 하는데, 서류 작업부터 공사까지 깔끔하게 한 번에 해결해 주는 곳 추천 부탁드립니다.","사우동","일반","약 2시간 전","2026-05-26T01:43:31.909+00:00","0","2","","https://www.daangn.com/kr/community/%EC%A0%84%EA%B8%B0-%EC%A6%9D%EC%84%A4%EC%9D%B4%EB%9E%91-%EA%B3%84%EB%9F%89%EA%B8%B0-%EB%B6%84%EB%A6%AC-%EC%9E%91%EC%97%85-%EB%B9%84%EC%9A%A9-%EA%B6%81%EA%B8%88%ED%95%B4%EC%9A%94-xnmh39ens15n/"
"임플란트 해보신 분 계신가요?","부모님 임플란트 해드려야 하는데 구래동에 잘하는 치과 아시는 분 계신가요??","구래동","병원/약국","약 2시간 전","2026-05-26T01:43:00.675+00:00","0","3","","https://www.daangn.com/kr/community/%EC%9E%84%ED%94%8C%EB%9E%80%ED%8A%B8-%ED%95%B4%EB%B3%B4%EC%8B%A0-%EB%B6%84-%EA%B3%84%EC%8B%A0%EA%B0%80%EC%9A%94-v1og2ewpv5sm/"
"김포 피부과 추천해주세요","김포 피부과 추천해주세요! 턱 보톡스 맞을건데 손기술 좋은 의사쌤 있는 곳으로 추천 부탁드려요 구래동 아니어도 됩니다!","구래동","병원/약국","약 2시간 전","2026-05-26T01:41:51.980+00:00","0","5","","https://www.daangn.com/kr/community/%EA%B9%80%ED%8F%AC-%ED%94%BC%EB%B6%80%EA%B3%BC-%EC%B6%94%EC%B2%9C%ED%95%B4%EC%A3%BC%EC%84%B8%EC%9A%94-sw6dfveirbj1/"
"하..알바 죄다 아웃소싱..","몇번 나가봤는데 죄다 사기치고 업무내용 거짓말하고..","구래동","일반","약 2시간 전","2026-05-26T01:40:09.818+00:00","3","0","","https://www.daangn.com/kr/community/%ED%95%98-%EC%95%8C%EB%B0%94-%EC%A3%84%EB%8B%A4-%EC%95%84%EC%9B%83%EC%86%8C%EC%8B%B1-3j42f1326j28/"
"장기동 근처 고구마 낱개로 파는 곳","안녕하세요. 1인 가구라 고구마 2~3개 정도가 필요한데 롯데마트 등은 상자나 봉지로 팔더라구요ㅠ 장기동에 고구마 낱개로 파는 곳 없을까요","장기동","생활/편의","약 2시간 전","2026-05-26T01:39:11.499+00:00","0","0","","https://www.daangn.com/kr/community/%EC%9E%A5%EA%B8%B0%EB%8F%99-%EA%B7%BC%EC%B2%98-%EA%B3%A0%EA%B5%AC%EB%A7%88-%EB%82%B1%EA%B0%9C%EB%A1%9C-%ED%8C%8C%EB%8A%94-%EA%B3%B3-6otubt31w3yn/"
"붙박이장 철거문의!","이전집에서 쓰던 붙박이장을 떼와서 옷장처럼 사용하고 있었는데 수납효율도 떨어지고 슬슬 뒤틀리는거 같아서 철거하려고 하는데 얼마정도 될까요??!","김포본동","이사/시공","약 2시간 전","2026-05-26T01:37:47.951+00:00","0","1","https://community-api-cdn.kr.karrotmarket.com/v1/resource/images/load?id=kr-community%232059085910997729280","https://www.daangn.com/kr/community/%EB%B6%99%EB%B0%95%EC%9D%B4%EC%9E%A5-%EC%B2%A0%EA%B1%B0%EB%AC%B8%EC%9D%98-g72mncrzaopn/"
"미용실","여자 커트 만원 이하인곳 있나요?","마전동","미용","약 2시간 전","2026-05-26T01:30:17.646+00:00","0","1","","https://www.daangn.com/kr/community/%EB%AF%B8%EC%9A%A9%EC%8B%A4-y7fpmamyb7ma/"
"프리마켓 하나봐요~","이번주 토요일(30일)에 한옥마을 건너편에서 프리마켓 하나봐요. 이런거 좋아해서 작년에도 여기 갔었는데 아기자기하고 이쁜 실용적인것들 많더라고요~~ 구경가셔도 좋을것 같아용. 저도 또 가려구요~","운양동","일반","약 3시간 전","2026-05-26T01:16:07.749+00:00","1","0","https://community-api-cdn.kr.karrotmarket.com/v1/resource/images/load?id=kr-community%232059081101364801536","https://www.daangn.com/kr/community/%ED%94%84%EB%A6%AC%EB%A7%88%EC%BC%93-%ED%95%98%EB%82%98%EB%B4%90%EC%9A%94-m458hwk3funs/"
"당근하실때 ""회사에서 줬다~, 집들이 선물~"" 이런거 조심하세요","당근에 회사에서 줬는데 필요없어서 싸게 판다, 집들이 선물 받았는데 필요없어서 싸게 판다, 이런제품들 조심하세요 중국에서 2~3만원 이렇게 엄정 헐값에 떼와서 쿠팡, 네이버에 좋은제품인냥 비싸게 제품등록해놓고 10~20만원대로 싸게파는척 당근에서 구매유도 하는경우 많아요 듣보 브랜드는 챗지피티에라도 물어보시길","대화동","생활/편의","약 3시간 전","2026-05-26T01:15:57.049+00:00","0","2","","https://www.daangn.com/kr/community/%EB%8B%B9%EA%B7%BC%ED%95%98%EC%8B%A4%EB%95%8C-%ED%9A%8C%EC%82%AC%EC%97%90%EC%84%9C-%EC%A4%AC%EB%8B%A4-%EC%A7%91%EB%93%A4%EC%9D%B4-%EC%84%A0%EB%AC%BC-%EC%9D%B4%EB%9F%B0%EA%B1%B0-%EC%A1%B0%EC%8B%AC%ED%95%98%EC%84%B8%EC%9A%94-8dogr5jyvgvk/"
"불로동 다이소건물 강아지있어요ㅠㅜ","불로동 다이소 건물에 강아지가 혼자있어요 저 애기랑 같이있어서 오래 못보고 있을 것 같은데ㅠㅠ 다이소안에서도 있었나봐요","불로대곡동","반려동물","약 3시간 전","2026-05-26T00:59:26.351+00:00","4","10","https://community-api-cdn.kr.karrotmarket.com/v1/resource/images/load?id=kr-community%232059076720562864128","https://www.daangn.com/kr/community/%EB%B6%88%EB%A1%9C%EB%8F%99-%EB%8B%A4%EC%9D%B4%EC%86%8C%EA%B1%B4%EB%AC%BC-%EA%B0%95%EC%95%84%EC%A7%80%EC%9E%88%EC%96%B4%EC%9A%94-o2vu6w93cocu/"
"개를 잃어버렸어요ㅠㅠ (김포 송마리 대곶면에서)","혹시 보셨으면 댓글좀 부탁드립니다 유기견 20키로 되는 중형견 / 중성화 X 진도 믹스견인데, 진짜 거짓말아니고 엄청나게 순해요! 특징) 얼굴 오른쪽 이마쪽이랑 오른쪽 뺨피부에 건선이 있어서 털이 듬성듬성있어요 대곶면 공장에 묶어놨는데 목줄을 끊고 나갔어요ㅠㅠ 짧지않은 목줄이 아마 지금도 달려있을수 있어요ㅠㅠ 오랜기간 사랑으로 키운 아인데 혹시 보셨으면 제보 꼭 좀 부탁드릴게요!","검단동","분실/실종","약 3시간 전","2026-05-26T00:53:25.785+00:00","2","0","https://community-api-cdn.kr.karrotmarket.com/v1/resource/images/load?id=kr-community%232059074238623469568","https://www.daangn.com/kr/community/%EA%B0%9C%EB%A5%BC-%EC%9E%83%EC%96%B4%EB%B2%84%EB%A0%B8%EC%96%B4%EC%9A%94-%EA%B9%80%ED%8F%AC-%EC%86%A1%EB%A7%88%EB%A6%AC-%EB%8C%80%EA%B3%B6%EB%A9%B4%EC%97%90%EC%84%9C-58y5vbj9hryd/"
"완정역 채선당 질문","완정역 근처 채선당 네이버에서 검색이 안되는데 닫았나요? Byc나 샷건짐과 같은건물 주소지 채선당요.","마전동","맛집","약 3시간 전","2026-05-26T00:43:47.176+00:00","0","1","","https://www.daangn.com/kr/community/%EC%99%84%EC%A0%95%EC%97%AD-%EC%B1%84%EC%84%A0%EB%8B%B9-%EC%A7%88%EB%AC%B8-nrmhcoebzkgd/"
"불로초교 부근에 목줄없는 갈색 포메 발견","불로초등학교 부근에 있습니다 목줄이 없어요 갈색 포메 입니다","불로동","분실/실종","약 4시간 전","2026-05-25T23:34:58.105+00:00","1","1","","https://www.daangn.com/kr/community/%EB%B6%88%EB%A1%9C%EC%B4%88%EA%B5%90-%EB%B6%80%EA%B7%BC%EC%97%90-%EB%AA%A9%EC%A4%84%EC%97%86%EB%8A%94-%EA%B0%88%EC%83%89-%ED%8F%AC%EB%A9%94-%EB%B0%9C%EA%B2%AC-6coubw23co6b/"
"노란색 지갑 찾아요","어제 오후 3시에서 4시쯤에 아라동 마디팔팔의원 검단에 들렀다가 그 건물 6층 여자화장실 첫번째 칸에 지갑을 두고 나왔는데 그게 마지막 기억이라서 혹시나 발견하셨던 분 계실까요...? 제발 찾으신 분께 사례금 드리겠습니다","당하동","일반","약 4시간 전","2026-05-25T23:28:19.556+00:00","0","0","","https://www.daangn.com/kr/community/%EB%85%B8%EB%9E%80%EC%83%89-%EC%A7%80%EA%B0%91-%EC%B0%BE%EC%95%84%EC%9A%94-takww7fsbj61/"
"조축 회원모집중~","조기축구 해성fc 회원 모집합니다 안녕하세요 저희는 인천 서구에서 활동하고 있는 20~60대 순수아마추어 축구팀 해성FC입니다. 현재는 서곶초등학교에서 활동중이며, 6월부터는 검단중학교에서 운동할 예정입니다. 축구를 처음해보는 쌩초보분들도 다수 있으며, 실력이 안좋으셔도 부담없이 즐길 수 있는 팀입니다. 사용 운동장은 인조잔디이며 보통 9대9 또는 10대10 자체전을 진행하고 월 1회 정도 매칭을 진행하고 있습니다. 현재 회원중 대다수가 30대입니다. 40~60대 회원이 많이 필요한 상황으로 40~60대분들 환영합니다. 댓글 써주시면 자세한 내용은 별도로 채팅 설명드리겠습니다","왕길동","취미","약 5시간 전","2026-05-25T23:00:44.526+00:00","0","0","","https://www.daangn.com/kr/community/%EC%A1%B0%EC%B6%95-%ED%9A%8C%EC%9B%90%EB%AA%A8%EC%A7%91%EC%A4%91-8krdxw7fh9ga/"
"새로생긴 쌀국수집 어딘지아시는분","대곶인가 그쯤지나다가 광고붙은거봤거든요! 새로쌀국수집 생겼다고봤는데 차타고 빨리지나쳐서 자세히못봤어요 혹시 어디에 생겼는지아시는분요!","통진읍","맛집","약 5시간 전","2026-05-25T22:58:59.919+00:00","0","2","","https://www.daangn.com/kr/community/%EC%83%88%EB%A1%9C%EC%83%9D%EA%B8%B4-%EC%8C%80%EA%B5%AD%EC%88%98%EC%A7%91-%EC%96%B4%EB%94%98%EC%A7%80%EC%95%84%EC%8B%9C%EB%8A%94%EB%B6%84-ouf5ie4eu5hv/"
"지갑분실","저희 외국인 직원이 대명항쪽 자전거타다가 지갑을 흘렸다네요 외국인등록증 이름 upesh 들어있는 지갑 습득하신분 연락주세요","대곶면","분실/실종","약 5시간 전","2026-05-25T22:48:52.947+00:00","0","0","","https://www.daangn.com/kr/community/%EC%A7%80%EA%B0%91%EB%B6%84%EC%8B%A4-wwqtwvff5be6/"
"인경험 많으신 형님누님들 고견과 격려가 필요합니다.","당근에 이런 글 처음인데 진짜 너무 답답해 부족한 글실력에도 올려봅니다. 어디서 어떻게 얘기를 시작해야 할지 모르겠네요. 경기가 역대 최악이라고 다들 힘드신줄 압니다. 처자식 책임지겠다고 용접에 목공기술 배우겠다고 직업학교에 지방공사도 나다녔지만 목수일이 날씨영향에 또 요새 용접공장들은 아크 전기용접은 점차 저물어가는 추세인거 같고 티그 알곤에 경력자만 뽑는 모양새더군요. 오랜기간 나이먹고도 일반 직장인들 보다야 좀 더 벌겠지 하는 기대로 시작했고 이동식주택에서 일할 때는 '극한직업' 도 출연하고 그 이전에는 금융권에서 각자 2번씩 성실함을 인정받아 수상경력도 또 안 되겠다 싶어 대형면허 따서 버스도 도전했지만 수습 마지막날 정류장에서 출발때 암것도 안잡아 넘어지는 사건에 충격받아 그만두게 되고 지금은 당근으로 매일 연명하는 제 상황이 도대체가 어디가 무엇이 이 나이 되도록 안 풀려가는지 한탄스러 글 적습니다. ㅠㅠ 그나마 2년 전까지 아는 목수분 만나 역대급으로 벌어도 봤지만 작년 6월경 일이 끊겨 그 이후 현장일구하기도 힘드네요. 얼마전엔 길가다 농막판매 회사가 있어 면접보는데 이쪽 목수일은 외국인들이 단가가 근무시간이 다 작아먹어 국내인들은 더는 힘들다 조언하는 상황이니.","오류동","일반","약 5시간 전","2026-05-25T22:44:57.463+00:00","0","1","","https://www.daangn.com/kr/community/%EC%9D%B8%EA%B2%BD%ED%97%98-%EB%A7%8E%EC%9C%BC%EC%8B%A0-%ED%98%95%EB%8B%98%EB%88%84%EB%8B%98%EB%93%A4-%EA%B3%A0%EA%B2%AC%EA%B3%BC-%EA%B2%A9%EB%A0%A4%EA%B0%80-%ED%95%84%EC%9A%94%ED%95%A9%EB%8B%88%EB%8B%A4-zfgfg4prx9u9/"
"고유가 피해지원금 사용 가능한가요?","당하동 에이스할인마트 사용 가능해요~?","당하동","일반","약 7시간 전","2026-05-25T21:05:46.799+00:00","0","2","https://community-api-cdn.kr.karrotmarket.com/v1/resource/images/load?id=kr-community%232059017990707924992","https://www.daangn.com/kr/community/%EA%B3%A0%EC%9C%A0%EA%B0%80-%ED%94%BC%ED%95%B4%EC%A7%80%EC%9B%90%EA%B8%88-%EC%82%AC%EC%9A%A9-%EA%B0%80%EB%8A%A5%ED%95%9C%EA%B0%80%EC%9A%94-fsgq24nqwuh4/"
"꽃글씨캘리그라피 동호회 모임","평소 캘리그라피에 관심있는데 딱히배울곳을찿지못하신분들은 연락주세요 초급도상관없습니다 7명정도 모이면 마산동 행정복지센터에서 선생님초빙해서 수업받을수있습니다 단 3개월이상은꾸준히하실분들만연락주세요^^ ,일주일에 한번씩모여서수업합니다 (매주수요일 오전생각하고있습니다) 수업료도 아마무료일겁니다~","마산동","취미","약 7시간 전","2026-05-25T20:31:45.606+00:00","0","0","","https://www.daangn.com/kr/community/%EA%BD%83%EA%B8%80%EC%94%A8%EC%BA%98%EB%A6%AC%EA%B7%B8%EB%9D%BC%ED%94%BC-%EB%8F%99%ED%98%B8%ED%9A%8C-%EB%AA%A8%EC%9E%84-f9th56wat2he/"
"주민센터에서 주는 거 다 안주네요","건전지 모아오거나 광고지 모아오거나 우유팩 모아오면 휴지는 진즉에 안주고 돈으로 주거나 쓰레기봉투 주는것도 안주네요!!! 국민한데 그런거 주는것도 아까운 가봐요 안주네요😱😱","검단동","일반","약 8시간 전","2026-05-25T19:25:54.841+00:00","1","2","","https://www.daangn.com/kr/community/%EC%A3%BC%EB%AF%BC%EC%84%BC%ED%84%B0%EC%97%90%EC%84%9C-%EC%A3%BC%EB%8A%94-%EA%B1%B0-%EB%8B%A4-%EC%95%88%EC%A3%BC%EB%84%A4%EC%9A%94-tg6ghejvrcn5/"
"바퀴벟레 잡아주세요ㅜㅜ","집현관문 앞에 바퀴벌레가 있어서 들어갈수가 없어요ㅜㅜ 2만원 바로 계좌로 보내드릴테니까 잡아주세요ㅜㅜ","양촌읍","일반","약 12시간 전","2026-05-25T15:45:43.208+00:00","0","1","","https://www.daangn.com/kr/community/%EB%B0%94%ED%80%B4%EB%B2%9F%EB%A0%88-%EC%9E%A1%EC%95%84%EC%A3%BC%EC%84%B8%EC%9A%94-jb6ou7xt5zrk/"
"서든어택 관심 많으신 분","요번주 토요일에 제가 응원하는 팀이 서울 프릭업 스튜디오에서 경기하는데 직관 가실 분 계신가요 남여 상관 x","구래동","일반","약 12시간 전","2026-05-25T15:42:54.078+00:00","0","0","","https://www.daangn.com/kr/community/%EC%84%9C%EB%93%A0%EC%96%B4%ED%83%9D-%EA%B4%80%EC%8B%AC-%EB%A7%8E%EC%9C%BC%EC%8B%A0-%EB%B6%84-qnkbuavqmg38/"
"옵치하실분","지금 옵치하실분 있나요? 22살 남자입니다","구래동","동네친구","약 12시간 전","2026-05-25T15:21:45.213+00:00","0","0","","https://www.daangn.com/kr/community/%EC%98%B5%EC%B9%98%ED%95%98%EC%8B%A4%EB%B6%84-p5cxy7gvxj1n/"
"당근 커뮤니티","다들 보통 언제 들어와서 구경하시나요?? 저는 주변에 큰 소리 나거나 연기날 때 한 번씩 들어와서 보는데 ㅋㅋ 다른 분들은 어떠신지 궁금해요!!","가좌동","일반","약 13시간 전","2026-05-25T15:18:22.999+00:00","0","1","","https://www.daangn.com/kr/community/%EB%8B%B9%EA%B7%BC-%EC%BB%A4%EB%AE%A4%EB%8B%88%ED%8B%B0-h1jrdgryiu7j/"
"챔스 결승 펍","이번주 토요일에 챔스 결승 중계 해주는 펍 있을까요? 김포나 근처로~~ #아스날#PSG#챔스결승","구래동","일반","약 13시간 전","2026-05-25T15:08:26.516+00:00","0","1","","https://www.daangn.com/kr/community/%EC%B1%94%EC%8A%A4-%EA%B2%B0%EC%8A%B9-%ED%8E%8D-hc4y4zrtmrd3/"
"마산동 갔다가 웬 미친여자한테 당했네요..","반도유보라에 당근 하러 갔다가 자기 유부녀인데 같이 살자고 갑자기 다가와서 팔목잡고 너도 똑같은 새X라고 욕 퍼붓고.. 도와달라고 소리쳐서 간신히 빠져나왔어요.. 핑크색 잠옷? 입고 있었던걸로 기억하는데 반도유보라 사시는 분들 조심하세요..","마산동","동네사건사고","약 13시간 전","2026-05-25T14:47:27.256+00:00","1","10","","https://www.daangn.com/kr/community/%EB%A7%88%EC%82%B0%EB%8F%99-%EA%B0%94%EB%8B%A4%EA%B0%80-%EC%9B%AC-%EB%AF%B8%EC%B9%9C%EC%97%AC%EC%9E%90%ED%95%9C%ED%85%8C-%EB%8B%B9%ED%96%88%EB%84%A4%EC%9A%94-nikesc6v7bjw/"
"구래 초보자 런닝코스 추천","안녕하세요 구래에 이사온지 얼마 안되어서 주변에 뭐가 있는질 잘 모릅니다..! 런닝을 최근에 시작하게되면서 현재 호수공원쪽에서만 돌고있는데 초보자가 뛰기 좋은 코스 아시는곳이 있으시다면 추천 부탁드려요! 오후 8시 이후에 주로 뜁니다!","구래동","일반","약 13시간 전","2026-05-25T14:44:22.479+00:00","0","1","","https://www.daangn.com/kr/community/%EA%B5%AC%EB%9E%98-%EC%B4%88%EB%B3%B4%EC%9E%90-%EB%9F%B0%EB%8B%9D%EC%BD%94%EC%8A%A4-%EC%B6%94%EC%B2%9C-w92wz8cd235e/"
"킥보드 분실했는데..","혹시 장기 상가나 청송마을쪽에 이 킥보드 보신분있을까요? ㅠㅠ","장기동","일반","약 13시간 전","2026-05-25T14:37:07.940+00:00","0","0","https://community-api-cdn.kr.karrotmarket.com/v1/resource/images/load?id=kr-community%232058920295977648128","https://www.daangn.com/kr/community/%ED%82%A5%EB%B3%B4%EB%93%9C-%EB%B6%84%EC%8B%A4%ED%96%88%EB%8A%94%EB%8D%B0-bqwpoepi337t/"
"영어권 외국인 친구를 구합니다","서로 언어 공부 해요","운양동","생활/편의","약 13시간 전","2026-05-25T14:36:50.959+00:00","0","1","","https://www.daangn.com/kr/community/%EC%98%81%EC%96%B4%EA%B6%8C-%EC%99%B8%EA%B5%AD%EC%9D%B8-%EC%B9%9C%EA%B5%AC%EB%A5%BC-%EA%B5%AC%ED%95%A9%EB%8B%88%EB%8B%A4-64u2yhejgi37/"
"친구+언어교환","안녕하세요~~장기동에 살고있어요~언어 교환친구 만들고싶어요~anyone who want to do language exchange~","장기동","일반","약 13시간 전","2026-05-25T14:23:04.263+00:00","0","5","","https://www.daangn.com/kr/community/%EC%B9%9C%EA%B5%AC-%EC%96%B8%EC%96%B4%EA%B5%90%ED%99%98-4xzmozguqfes/"
"능내공원 쓰레기 심각합니다","다같이 사용하는 공용시설인데 중,고등학생들이 와서 즐겁게 놀고 쓰레기는 다 버리고 가네요... 하루 이틀 쌓인 쓰레기가 아닙니다. 이 글을 보시는 인근 학부모님들 공원에 쓰레기 버리지말고 가져오라고 교육해주세요. 이 글은 보시는 공원녹지과는 공원 내에 쓰레기통을 만들어주시거나 경고글 부착해주세요. 함께 쓰는 공원 함께 배려합시다.","마전동","동네사건사고","약 14시간 전","2026-05-25T14:07:21.245+00:00","1","6","https://community-api-cdn.kr.karrotmarket.com/v1/resource/images/load?id=kr-community%232058912000998002688","https://www.daangn.com/kr/community/%EB%8A%A5%EB%82%B4%EA%B3%B5%EC%9B%90-%EC%93%B0%EB%A0%88%EA%B8%B0-%EC%8B%AC%EA%B0%81%ED%95%A9%EB%8B%88%EB%8B%A4-hv3ysdw1y2jj/"
"베이시스트 모십니다~~^^","토요일 저녁 7시30분에 풍무동에서 초보밴드 합주 모임이 있습니다. 베이스 연주자분을 모시오니 관심잇으신 분 께서는 개인톡 주세요~~~","당하동","일반","약 14시간 전","2026-05-25T14:06:38.964+00:00","0","0","","https://www.daangn.com/kr/community/%EB%B2%A0%EC%9D%B4%EC%8B%9C%EC%8A%A4%ED%8A%B8-%EB%AA%A8%EC%8B%AD%EB%8B%88%EB%8B%A4-aw142qajxxhr/"
"인천 서구 동물병원추천부탁드려요...","인천쪽 (검단신도시쪽이면 더 좋음) 과잉없고 양심적이고 실력 좋은 동물병원 추천해주실수있나요? 여러군데를 가봐도 정착한 믿을만한곳이없네요 ㅠㅠ 슬개골 수술 잘하는곳 추천해주시면 감사하겠습니다,,,,... #동물병원#추천#동물병원#인천","원당동","일반","약 14시간 전","2026-05-25T13:47:11.930+00:00","0","1","","https://www.daangn.com/kr/community/%EC%9D%B8%EC%B2%9C-%EC%84%9C%EA%B5%AC-%EB%8F%99%EB%AC%BC%EB%B3%91%EC%9B%90%EC%B6%94%EC%B2%9C%EB%B6%80%ED%83%81%EB%93%9C%EB%A0%A4%EC%9A%94-p6pej62teqte/"
"요즘 당근인들 인사를 왜케 열심히하시는 건가요","근래 오는 챗중에 70프로 이상이 인사만하고 답장을 안합니다,, 왜 이런 현상이 일어나는 걸까요 ×_× 이게 진짜 현상이라는 단어를 사용할 수 있을만큼 공통점도 있는게 정말 한 분도 빠짐없이 안녕하세요 뒤에 임티를 붙입니다 😃😁☺️ 이런거요,, 아니 인사의 형태라도 다르면 그려러니 하겠는데 어떻게 짠거마냥 다 똑같을 수가 있냐구요ㅠㅠㅠㅠㅋㅋㅋㅋㅋ 무슨 8번출구 게임같이 오타 있는지 찾거나 이분은 임티 뭐쓰나 찾고있어욬ㅋㅋ,,, 더 웃긴건 오타난 분이 한 명도 없는게,, 의미부여라면 뭐든하지만 그래도 좀 소름끼치잖아요ㅋㅋ큐ㅠ 뭐 요즘 챌린지하나요..? 차라리 인사하기 챌린지였으면 제가 기쁘게 받아드릴텐데 요즘 계속 구매문의도 아니고 인사만하니까 힘이빠지네요ㅋㅋ큐ㅠㅠㅠ,, 여러분도 그러신가요..? 아니면 당근이 절 상대로 몰카를 하는 건가요,,, 차라리 몰카라고 해줬으면 좋겠어욘 ㅎㅎ,,","아라동","고민/사연","약 14시간 전","2026-05-25T13:45:55.921+00:00","0","1","","https://www.daangn.com/kr/community/%EC%9A%94%EC%A6%98-%EB%8B%B9%EA%B7%BC%EC%9D%B8%EB%93%A4-%EC%9D%B8%EC%82%AC%EB%A5%BC-%EC%99%9C%EC%BC%80-%EC%97%B4%EC%8B%AC%ED%9E%88%ED%95%98%EC%8B%9C%EB%8A%94-%EA%B1%B4%EA%B0%80%EC%9A%94-ytdfm6rt5zkh/"
"가방끈수선","김포에서 가방끈 수선하는집이 어디있을까요?","풍무동","생활/편의","약 14시간 전","2026-05-25T13:25:50.043+00:00","0","2","","https://www.daangn.com/kr/community/%EA%B0%80%EB%B0%A9%EB%81%88%EC%88%98%EC%84%A0-ypybsbqvrmk9/"
"재능기부로 홈페이지 무료로 만들어드립니다!(2분)","안녕하십니까.😁 현재 1인 홈페이지 제작자입니다. 포트폴리오 추가를 위해 원하시는분을 모집합니다! 지난번 빠르게 마감되기도 하였고, 더욱 사장님들 도움을 드리고자 합니다! -이제 막 창업하여 제대로 된 홈페이지가 필요하신 분 -홈페이지 제작 비용이 부담스러워 망설이고 계셨던 분 -사업에 진심이셔서 홈페이지와 함께 오래 성장하실 분 -소통이 잘 되시는 분 -구성: 메인 + 서브 3페이지 (또는 원페이지) -특징: PC/모바일 최적화 반응형 웹 -자료: 준비된 자료가 있으면 좋지만 없어도 괜찮습니다. 준비가 되어 있으면 더욱 빠르게 제작 됩니다! 언제든지 문의 해주세요! 댓글이나 당근 채팅 편하게 문의 주세요! 무료니까 한 번 해볼까? 하는 가벼운 마음보다는 이 홈페이지를 통해 사업을 키워나가실 진정성 있는 대표님이면 좋겠습니다. 저는 대표님들의 사업이 제 사업처럼 집중하여 대충 만들어 드리는 일은 없고 정성을 다해 만들어 드릴 예정입니다! 감사합니다 😊","불로동","생활/편의","약 14시간 전","2026-05-25T13:22:48.433+00:00","0","0","","https://www.daangn.com/kr/community/%EC%9E%AC%EB%8A%A5%EA%B8%B0%EB%B6%80%EB%A1%9C-%ED%99%88%ED%8E%98%EC%9D%B4%EC%A7%80-%EB%AC%B4%EB%A3%8C%EB%A1%9C-%EB%A7%8C%EB%93%A4%EC%96%B4%EB%93%9C%EB%A6%BD%EB%8B%88%EB%8B%A4-2%EB%B6%84-z9okeo922s4f/"
"구피가 넘 많아져서 고민이에요ㅠ","성어 두마리만 분양하고 싶은데 방법 알고 계신분 있으실까요?","운양동","일반","약 15시간 전","2026-05-25T13:19:31.886+00:00","1","1","","https://www.daangn.com/kr/community/%EA%B5%AC%ED%94%BC%EA%B0%80-%EB%84%98-%EB%A7%8E%EC%95%84%EC%A0%B8%EC%84%9C-%EA%B3%A0%EB%AF%BC%EC%9D%B4%EC%97%90%EC%9A%94-1bg2rg6u3th8/"
"걸포동 손가방분실 휴대폰 찾습니다","걸포동 한강메트로자이 2단지 211동로 뜨네요 분실폰 찾습니다 갤럭시s26 핑크색 케이스 손가방분실입니다","김포본동","일반","약 15시간 전","2026-05-25T13:03:43.758+00:00","0","0","https://community-api-cdn.kr.karrotmarket.com/v1/resource/images/load?id=kr-community%232058896610466385920","https://www.daangn.com/kr/community/%EA%B1%B8%ED%8F%AC%EB%8F%99-%EC%86%90%EA%B0%80%EB%B0%A9%EB%B6%84%EC%8B%A4-%ED%9C%B4%EB%8C%80%ED%8F%B0-%EC%B0%BE%EC%8A%B5%EB%8B%88%EB%8B%A4-uobrnsjyhtvj/"
"엘코어 에어컨 언제부터 가능한지 아시는분..","ㅠㅠㅠ 덥네요 ㅠ 작은 방 들어가면 땀이...ㅠ 이제 6월 초여름인데 설마 에어컨 못키게 하지는 않겠죠..?!","구래동","일반","약 15시간 전","2026-05-25T12:56:21.723+00:00","0","1","","https://www.daangn.com/kr/community/%EC%97%98%EC%BD%94%EC%96%B4-%EC%97%90%EC%96%B4%EC%BB%A8-%EC%96%B8%EC%A0%9C%EB%B6%80%ED%84%B0-%EA%B0%80%EB%8A%A5%ED%95%9C%EC%A7%80-%EC%95%84%EC%8B%9C%EB%8A%94%EB%B6%84-wb8m6uwn2t8s/"
"중고핸드폰","요즘 당근에 중고핸드폰이 많이 올라와 있네요. 갤럭시노트 시리즈 좋아하는데 사도 괜찮을까요?","당하동","고민/사연","약 15시간 전","2026-05-25T12:51:27.685+00:00","0","0","","https://www.daangn.com/kr/community/%EC%A4%91%EA%B3%A0%ED%95%B8%EB%93%9C%ED%8F%B0-mwbd9vzwzrho/"
"성악•뮤지컬•가요 중창단 모임 함께하실 분 계실까요?🎵","안녕하세요~ 인천 청라/검단 사시는 분들 중 소규모로 중창 모임 함께하고 싶으신 분들을 찾습니다!🙌🏻 월 1-2회 토요일 오전에 모여 각자 좋아하는 노래 부르면서 레슨도 받고, 중창연습 하면서 아름다운 하모니를 만들어나가는 중창단 모임입니다! 현재 20대부터 60대까지 계시고 따뜻하고 훈훈한 분위기의 모임이니 부담없이 편안한 마음으로 오셔도 괜찮습니다! 올해 하반기에 창단공연도 올릴 예정이랍니다! 창립멤버가 되어 함께 공연을 만들어가는 과정을 즐길 분들을 기다립니다! [청라/검단]성악•뮤지컬 보컬 취미반🎵 모임에 초대했어요💌 https://daangn.com/kr/share/community/ref/invite-group/95L1dt9yrc","아라동","취미","약 15시간 전","2026-05-25T12:44:12.179+00:00","1","0","","https://www.daangn.com/kr/community/%EC%84%B1%EC%95%85-%EB%AE%A4%EC%A7%80%EC%BB%AC-%EA%B0%80%EC%9A%94-%EC%A4%91%EC%B0%BD%EB%8B%A8-%EB%AA%A8%EC%9E%84-%ED%95%A8%EA%BB%98%ED%95%98%EC%8B%A4-%EB%B6%84-%EA%B3%84%EC%8B%A4%EA%B9%8C%EC%9A%94-934fijhrzu98/"
"김포나 일산쪽에 무선 청소기 배터리 교체하는곳 아시는분?","인터넷 찾아봐도 김포쪽은 안나오네요.. 무선 청소기 배터리 교체하는곳 아시는분~?","운양동","생활/편의","약 15시간 전","2026-05-25T12:28:33.346+00:00","1","1","","https://www.daangn.com/kr/community/%EA%B9%80%ED%8F%AC%EB%82%98-%EC%9D%BC%EC%82%B0%EC%AA%BD%EC%97%90-%EB%AC%B4%EC%84%A0-%EC%B2%AD%EC%86%8C%EA%B8%B0-%EB%B0%B0%ED%84%B0%EB%A6%AC-%EA%B5%90%EC%B2%B4%ED%95%98%EB%8A%94%EA%B3%B3-%EC%95%84%EC%8B%9C%EB%8A%94%EB%B6%84-yg1vp25ifyq4/"